,1,2,3,4,5,6,7,8,9,10,11,12,13,14,15,16,17,18,19,20,21,22,23,24,25,26,27,28,29,30,31,32,33,34,35,36,37,38,39,40,41,42,43,44,45,46,47,48,49,50,51,52,53,54,55,56,57,58,59,60,61,62,63,64,65,66,67,68,69,70,71,72,73,74,75,76,77,78,79,80,81,82,83,84,85,86,87,88,89,90,91,92,93,94,95,96,97,98,99,100,101,102,103,104,105,106,107,108,109,110,111,112,113,114,115,116,117,118,119,120,121,122,123,124,125,126,127,128,129,130,131,132,133,134,135,136,137,138,139,140,141,142,143,144,145,146,147,148,149,150,151,152,153,154,155,156,157,158,159,160,161,162,163,164,165,166,167
abcccaaaaacccacccccccccccccccccccccccccccccccccccccccccccccccccccccccaaaaaacaccccccaaacccccccccccccccccccccccccccccccccccaaaaaaaaccccccccccccccccccccccccccccccccaaaaaa,a,b,c,c,c,a,a,a,a,a,c,c,c,a,c,c,c,c,c,c,c,c,c,c,c,c,c,c,c,c,c,c,c,c,c,c,c,c,c,c,c,c,c,c,c,c,c,c,c,c,c,c,c,c,c,c,c,c,c,c,c,c,c,c,c,c,c,c,c,a,a,a,a,a,a,c,a,c,c,c,c,c,c,a,a,a,c,c,c,c,c,c,c,c,c,c,c,c,c,c,c,c,c,c,c,c,c,c,c,c,c,c,c,c,c,c,c,c,c,c,c,a,a,a,a,a,a,a,a,c,c,c,c,c,c,c,c,c,c,c,c,c,c,c,c,c,c,c,c,c,c,c,c,c,c,c,c,c,c,c,c,a,a,a,a,a,a
abcccaaaaacccaaacaaacccccccccccccccccaaccccccacccaacccccccccccaacccccaaaaaaaaaaaccaaaaaaccccccccccccccccccccccccccccccccccaaaaaccccccccccccccccccccccccccccccccccaaaaaa,a,b,c,c,c,a,a,a,a,a,c,c,c,a,a,a,c,a,a,a,c,c,c,c,c,c,c,c,c,c,c,c,c,c,c,c,c,a,a,c,c,c,c,c,c,a,c,c,c,a,a,c,c,c,c,c,c,c,c,c,c,c,a,a,c,c,c,c,c,a,a,a,a,a,a,a,a,a,a,a,c,c,a,a,a,a,a,a,c,c,c,c,c,c,c,c,c,c,c,c,c,c,c,c,c,c,c,c,c,c,c,c,c,c,c,c,c,c,c,c,c,c,a,a,a,a,a,c,c,c,c,c,c,c,c,c,c,c,c,c,c,c,c,c,c,c,c,c,c,c,c,c,c,c,c,c,c,c,c,c,c,a,a,a,a,a,a
abccccaaaaaccaaaaaaaccccccccccccccaaaacccccccaacaaacccccccccaaaaaacccaaaaaaaaaaaccaaaaaacccccccccccccccccccccccccccccccccccaaaaaccccccccccccccaaacccccccccccccccccaaaaa,a,b,c,c,c,c,a,a,a,a,a,c,c,a,a,a,a,a,a,a,c,c,c,c,c,c,c,c,c,c,c,c,c,c,a,a,a,a,c,c,c,c,c,c,c,a,a,c,a,a,a,c,c,c,c,c,c,c,c,c,a,a,a,a,a,a,c,c,c,a,a,a,a,a,a,a,a,a,a,a,c,c,a,a,a,a,a,a,c,c,c,c,c,c,c,c,c,c,c,c,c,c,c,c,c,c,c,c,c,c,c,c,c,c,c,c,c,c,c,c,c,c,c,a,a,a,a,a,c,c,c,c,c,c,c,c,c,c,c,c,c,c,a,a,a,c,c,c,c,c,c,c,c,c,c,c,c,c,c,c,c,c,a,a,a,a,a
abccccaacccccaaaaaacccccccccccccccaaaaaacccccaaaaaccccccccccaaaaaacaaaaaaaaaaaaaccaaaaaacccccccccccccccccccccccccccccccccccaacaaccccccccccccccaaaaccccccccccccccccccaaa,a,b,c,c,c,c,a,a,c,c,c,c,c,a,a,a,a,a,a,c,c,c,c,c,c,c,c,c,c,c,c,c,c,c,a,a,a,a,a,a,c,c,c,c,c,a,a,a,a,a,c,c,c,c,c,c,c,c,c,c,a,a,a,a,a,a,c,a,a,a,a,a,a,a,a,a,a,a,a,a,c,c,a,a,a,a,a,a,c,c,c,c,c,c,c,c,c,c,c,c,c,c,c,c,c,c,c,c,c,c,c,c,c,c,c,c,c,c,c,c,c,c,c,a,a,c,a,a,c,c,c,c,c,c,c,c,c,c,c,c,c,c,a,a,a,a,c,c,c,c,c,c,c,c,c,c,c,c,c,c,c,c,c,c,a,a,a
abccccccccccaaaaaaaacccccccccccaaccaaaaaccccccaaaaaacccccccccaaaaacaaaaaaaaccccccccaaaaacccccccccccccccccccccccccccccccccccaacccccccccccccccccaaaaccaaacccccccccccccaac,a,b,c,c,c,c,c,c,c,c,c,c,a,a,a,a,a,a,a,a,c,c,c,c,c,c,c,c,c,c,c,a,a,c,c,a,a,a,a,a,c,c,c,c,c,c,a,a,a,a,a,a,c,c,c,c,c,c,c,c,c,a,a,a,a,a,c,a,a,a,a,a,a,a,a,c,c,c,c,c,c,c,c,a,a,a,a,a,c,c,c,c,c,c,c,c,c,c,c,c,c,c,c,c,c,c,c,c,c,c,c,c,c,c,c,c,c,c,c,c,c,c,c,a,a,c,c,c,c,c,c,c,c,c,c,c,c,c,c,c,c,c,a,a,a,a,c,c,a,a,a,c,c,c,c,c,c,c,c,c,c,c,c,c,a,a,c
abaaaaaccccaaaaaaaaaaccccccaaccaacaaaaacccccaaaaaaaaaaacccccaaaaacaaaacaaaaacccccccaacaacccccccccccccccccccccccccccccccccccccccccccccccccccccccaaaaaaaaacccccccccccaaac,a,b,a,a,a,a,a,c,c,c,c,a,a,a,a,a,a,a,a,a,a,c,c,c,c,c,c,a,a,c,c,a,a,c,a,a,a,a,a,c,c,c,c,c,a,a,a,a,a,a,a,a,a,a,a,c,c,c,c,c,a,a,a,a,a,c,a,a,a,a,c,a,a,a,a,a,c,c,c,c,c,c,c,a,a,c,a,a,c,c,c,c,c,c,c,c,c,c,c,c,c,c,c,c,c,c,c,c,c,c,c,c,c,c,c,c,c,c,c,c,c,c,c,c,c,c,c,c,c,c,c,c,c,c,c,c,c,c,c,c,c,c,c,a,a,a,a,a,a,a,a,a,c,c,c,c,c,c,c,c,c,c,c,a,a,a,c
abaaaaaccccaaaaaaaaaacaacccaaaaaacaccaacccccaaaaaaaaaaacccccaaaaaccccccaaaaaccccccccccaacccccccccccccccccccccccccccccccccccccccccccccccccccccccaaaakkkllccccccccccccccc,a,b,a,a,a,a,a,c,c,c,c,a,a,a,a,a,a,a,a,a,a,c,a,a,c,c,c,a,a,a,a,a,a,c,a,c,c,a,a,c,c,c,c,c,a,a,a,a,a,a,a,a,a,a,a,c,c,c,c,c,a,a,a,a,a,c,c,c,c,c,c,a,a,a,a,a,c,c,c,c,c,c,c,c,c,c,a,a,c,c,c,c,c,c,c,c,c,c,c,c,c,c,c,c,c,c,c,c,c,c,c,c,c,c,c,c,c,c,c,c,c,c,c,c,c,c,c,c,c,c,c,c,c,c,c,c,c,c,c,c,c,c,c,a,a,a,a,k,k,k,l,l,c,c,c,c,c,c,c,c,c,c,c,c,c,c,c
abaaaaacccccccaaacaaaaaaccccaaaaaaaccccccaaacccaacccaaaaaaacccccccccccccaaaaacccccccccaaaaaaccccccccccccccccccccccccccaaccccccccccccccccccccccackkkkkklllccccaaaccccccc,a,b,a,a,a,a,a,c,c,c,c,c,c,c,a,a,a,c,a,a,a,a,a,a,c,c,c,c,a,a,a,a,a,a,a,c,c,c,c,c,c,a,a,a,c,c,c,a,a,c,c,c,a,a,a,a,a,a,a,c,c,c,c,c,c,c,c,c,c,c,c,c,a,a,a,a,a,c,c,c,c,c,c,c,c,c,a,a,a,a,a,a,c,c,c,c,c,c,c,c,c,c,c,c,c,c,c,c,c,c,c,c,c,c,c,c,c,c,a,a,c,c,c,c,c,c,c,c,c,c,c,c,c,c,c,c,c,c,c,c,c,c,a,c,k,k,k,k,k,k,l,l,l,c,c,c,c,a,a,a,c,c,c,c,c,c,c
abaaaaacccccccaaacaaaaaaacccaaaaaaaccccccaaaacaaacaaaaaaaacccccccccccccaaaaaacccccccccaaaaaaccaacaacccccccccccccccaaaaaacccccccccccccccccccaaakkkkkkkkllllcccaaacaccccc,a,b,a,a,a,a,a,c,c,c,c,c,c,c,a,a,a,c,a,a,a,a,a,a,a,c,c,c,a,a,a,a,a,a,a,c,c,c,c,c,c,a,a,a,a,c,a,a,a,c,a,a,a,a,a,a,a,a,c,c,c,c,c,c,c,c,c,c,c,c,c,a,a,a,a,a,a,c,c,c,c,c,c,c,c,c,a,a,a,a,a,a,c,c,a,a,c,a,a,c,c,c,c,c,c,c,c,c,c,c,c,c,c,c,a,a,a,a,a,a,c,c,c,c,c,c,c,c,c,c,c,c,c,c,c,c,c,c,c,a,a,a,k,k,k,k,k,k,k,k,l,l,l,l,c,c,c,a,a,a,c,a,c,c,c,c,c
abaaaaaccccccccaacaaaaaaaacaaaaaaccccccccaaaaaaacaaaaaaaaacccccccccccccaaaacccccccccaaaaaaacccaaaaacccccccccccccccaaaaaaccccccccccccccccjjjjjkkkkkkpppplllcccaaaaaacccc,a,b,a,a,a,a,a,c,c,c,c,c,c,c,c,a,a,c,a,a,a,a,a,a,a,a,c,a,a,a,a,a,a,c,c,c,c,c,c,c,c,a,a,a,a,a,a,a,c,a,a,a,a,a,a,a,a,a,c,c,c,c,c,c,c,c,c,c,c,c,c,a,a,a,a,c,c,c,c,c,c,c,c,c,a,a,a,a,a,a,a,c,c,c,a,a,a,a,a,c,c,c,c,c,c,c,c,c,c,c,c,c,c,c,a,a,a,a,a,a,c,c,c,c,c,c,c,c,c,c,c,c,c,c,c,c,j,j,j,j,j,k,k,k,k,k,k,p,p,p,p,l,l,l,c,c,c,a,a,a,a,a,a,c,c,c,c
abaaaccccccccccccccaaaaaaacaaaaaacccccccccaaaaaaccaaaaaaaccccccccccccccccaaaccccccccaaaaaaaccccaaaaacccccccccccccccaaaaaaaccccaaccccccjjjjjjjkkkkppppppplllcccaaaaacccc,a,b,a,a,a,c,c,c,c,c,c,c,c,c,c,c,c,c,c,a,a,a,a,a,a,a,c,a,a,a,a,a,a,c,c,c,c,c,c,c,c,c,a,a,a,a,a,a,c,c,a,a,a,a,a,a,a,c,c,c,c,c,c,c,c,c,c,c,c,c,c,c,c,a,a,a,c,c,c,c,c,c,c,c,a,a,a,a,a,a,a,c,c,c,c,a,a,a,a,a,c,c,c,c,c,c,c,c,c,c,c,c,c,c,c,a,a,a,a,a,a,a,c,c,c,c,a,a,c,c,c,c,c,c,j,j,j,j,j,j,j,k,k,k,k,p,p,p,p,p,p,p,l,l,l,c,c,c,a,a,a,a,a,c,c,c,c
abccccccccccccccccaaaaaacccccccaaccccccaaaaaaaacccccaaaaaaccccccccccccccccccccccccccccaaaaaaccaaaaaacccccccccccccccaaaaaaaaaacaacccccjjjjjjjjjkooppppppplllcccaaacccccc,a,b,c,c,c,c,c,c,c,c,c,c,c,c,c,c,c,c,a,a,a,a,a,a,c,c,c,c,c,c,c,a,a,c,c,c,c,c,c,a,a,a,a,a,a,a,a,c,c,c,c,c,a,a,a,a,a,a,c,c,c,c,c,c,c,c,c,c,c,c,c,c,c,c,c,c,c,c,c,c,c,c,c,c,c,c,a,a,a,a,a,a,c,c,a,a,a,a,a,a,c,c,c,c,c,c,c,c,c,c,c,c,c,c,c,a,a,a,a,a,a,a,a,a,a,c,a,a,c,c,c,c,c,j,j,j,j,j,j,j,j,j,k,o,o,p,p,p,p,p,p,p,l,l,l,c,c,c,a,a,a,c,c,c,c,c,c
abccccccccccccccccaaaaaacccccccccccccccaaaaaaaaacccaaacaaacccccccccccccccccccccccaaaccaaccaaccaaaaccccccccccccccccaaaaaaaccaaaaaccccjjjjooooooooopuuuupppllccccaaaccccc,a,b,c,c,c,c,c,c,c,c,c,c,c,c,c,c,c,c,a,a,a,a,a,a,c,c,c,c,c,c,c,c,c,c,c,c,c,c,c,a,a,a,a,a,a,a,a,a,c,c,c,a,a,a,c,a,a,a,c,c,c,c,c,c,c,c,c,c,c,c,c,c,c,c,c,c,c,c,c,c,c,a,a,a,c,c,a,a,c,c,a,a,c,c,a,a,a,a,c,c,c,c,c,c,c,c,c,c,c,c,c,c,c,c,a,a,a,a,a,a,a,c,c,a,a,a,a,a,c,c,c,c,j,j,j,j,o,o,o,o,o,o,o,o,o,p,u,u,u,u,p,p,p,l,l,c,c,c,c,a,a,a,c,c,c,c,c
abccccccccccccccccccccaaccccccccccccccccaaaaaaaacccaaaccaacccccccccccccccccccccccaaaaaaacccccccaaaccccccccccccccccaaaaaaccccaaaaaaccjjjoooooooooouuuuuupplllccccaaccccc,a,b,c,c,c,c,c,c,c,c,c,c,c,c,c,c,c,c,c,c,c,c,a,a,c,c,c,c,c,c,c,c,c,c,c,c,c,c,c,c,a,a,a,a,a,a,a,a,c,c,c,a,a,a,c,c,a,a,c,c,c,c,c,c,c,c,c,c,c,c,c,c,c,c,c,c,c,c,c,c,c,a,a,a,a,a,a,a,c,c,c,c,c,c,c,a,a,a,c,c,c,c,c,c,c,c,c,c,c,c,c,c,c,c,a,a,a,a,a,a,c,c,c,c,a,a,a,a,a,a,c,c,j,j,j,o,o,o,o,o,o,o,o,o,o,u,u,u,u,u,u,p,p,l,l,l,c,c,c,c,a,a,c,c,c,c,c
abccaaaaccccaaacccccccccccccccccccccccccccaaaaaaaccaaccccccccccccaacccccccccccccccaaaaacccaaccaaaccccccccccccccccccccaaacccaaaaaaaccjjjoootuuuuuuuuuuuuppllllccccaccccc,a,b,c,c,a,a,a,a,c,c,c,c,a,a,a,c,c,c,c,c,c,c,c,c,c,c,c,c,c,c,c,c,c,c,c,c,c,c,c,c,c,c,a,a,a,a,a,a,a,c,c,a,a,c,c,c,c,c,c,c,c,c,c,c,c,a,a,c,c,c,c,c,c,c,c,c,c,c,c,c,c,c,a,a,a,a,a,c,c,c,a,a,c,c,a,a,a,c,c,c,c,c,c,c,c,c,c,c,c,c,c,c,c,c,c,c,c,a,a,a,c,c,c,a,a,a,a,a,a,a,c,c,j,j,j,o,o,o,t,u,u,u,u,u,u,u,u,u,u,u,u,p,p,l,l,l,l,c,c,c,c,a,c,c,c,c,c
abccaaaaaccaaaacccccccccccccccccccccccccccaacccacccccccccccccccacaaaacccccccccccaaaaaaacccaaaaaaacccccccccccccccccccccccccaaaaaacccciijnoottuuuuuuxxyuvpqqlmmcccccccccc,a,b,c,c,a,a,a,a,a,c,c,a,a,a,a,c,c,c,c,c,c,c,c,c,c,c,c,c,c,c,c,c,c,c,c,c,c,c,c,c,c,c,a,a,c,c,c,a,c,c,c,c,c,c,c,c,c,c,c,c,c,c,c,a,c,a,a,a,a,c,c,c,c,c,c,c,c,c,c,c,a,a,a,a,a,a,a,c,c,c,a,a,a,a,a,a,a,c,c,c,c,c,c,c,c,c,c,c,c,c,c,c,c,c,c,c,c,c,c,c,c,c,a,a,a,a,a,a,c,c,c,c,i,i,j,n,o,o,t,t,u,u,u,u,u,u,x,x,y,u,v,p,q,q,l,m,m,c,c,c,c,c,c,c,c,c,c
abcaaaaaaccaaaacccccccaaaaccccccccccacccccaaccccaaaccccccccccccaaaaaacccccccccccaaaaaaaaccaaaaaacccccccccccccccccaacccccccaacaaacccciiinntttxxxxuxxyyvvqqqqmmmmddddcccc,a,b,c,a,a,a,a,a,a,c,c,a,a,a,a,c,c,c,c,c,c,c,a,a,a,a,c,c,c,c,c,c,c,c,c,c,a,c,c,c,c,c,a,a,c,c,c,c,a,a,a,c,c,c,c,c,c,c,c,c,c,c,c,a,a,a,a,a,a,c,c,c,c,c,c,c,c,c,c,c,a,a,a,a,a,a,a,a,c,c,a,a,a,a,a,a,c,c,c,c,c,c,c,c,c,c,c,c,c,c,c,c,c,a,a,c,c,c,c,c,c,c,a,a,c,a,a,a,c,c,c,c,i,i,i,n,n,t,t,t,x,x,x,x,u,x,x,y,y,v,v,q,q,q,q,m,m,m,m,d,d,d,d,c,c,c,c
abcaaaaaacccaaacccccccaaaaccccaaaaaaaaccaaaaccccaacaacccccccccccaaaaccccccccccccaaaaaaaacccaaaaaaaacccccccccccccaaaaccccccccccaacccciiinntttxxxxxxxyyvvqqqqqmmmmdddcccc,a,b,c,a,a,a,a,a,a,c,c,c,a,a,a,c,c,c,c,c,c,c,a,a,a,a,c,c,c,c,a,a,a,a,a,a,a,a,c,c,a,a,a,a,c,c,c,c,a,a,c,a,a,c,c,c,c,c,c,c,c,c,c,c,a,a,a,a,c,c,c,c,c,c,c,c,c,c,c,c,a,a,a,a,a,a,a,a,c,c,c,a,a,a,a,a,a,a,a,c,c,c,c,c,c,c,c,c,c,c,c,c,a,a,a,a,c,c,c,c,c,c,c,c,c,c,a,a,c,c,c,c,i,i,i,n,n,t,t,t,x,x,x,x,x,x,x,y,y,v,v,q,q,q,q,q,m,m,m,m,d,d,d,c,c,c,c
abcaaaaaacccccccccccccaaaacccccaaaaaacccaaaaaaaaaaaaacccccccccccaaaaccccccccccccccaaacacccaaaaaaaaacccccccccccccaaaacccccccccccccccciiinnnttxxxxxxxyyvvvvqqqqmmmdddcccc,a,b,c,a,a,a,a,a,a,c,c,c,c,c,c,c,c,c,c,c,c,c,a,a,a,a,c,c,c,c,c,a,a,a,a,a,a,c,c,c,a,a,a,a,a,a,a,a,a,a,a,a,a,c,c,c,c,c,c,c,c,c,c,c,a,a,a,a,c,c,c,c,c,c,c,c,c,c,c,c,c,c,a,a,a,c,a,c,c,c,a,a,a,a,a,a,a,a,a,c,c,c,c,c,c,c,c,c,c,c,c,c,a,a,a,a,c,c,c,c,c,c,c,c,c,c,c,c,c,c,c,c,i,i,i,n,n,n,t,t,x,x,x,x,x,x,x,y,y,v,v,v,v,q,q,q,q,m,m,m,d,d,d,c,c,c,c
abcccaaccccccccccccccccaaccccccaaaaaacccaaaaaaaaaaaaaaccccccccccaacaccccccccccccccaaaccccaaaaaaaaaacccccccccccccaaaacccccccccccccccciiinnntttxxxxxyyyyyvvvqqqqmmmdddccc,a,b,c,c,c,a,a,c,c,c,c,c,c,c,c,c,c,c,c,c,c,c,c,a,a,c,c,c,c,c,c,a,a,a,a,a,a,c,c,c,a,a,a,a,a,a,a,a,a,a,a,a,a,a,c,c,c,c,c,c,c,c,c,c,a,a,c,a,c,c,c,c,c,c,c,c,c,c,c,c,c,c,a,a,a,c,c,c,c,a,a,a,a,a,a,a,a,a,a,c,c,c,c,c,c,c,c,c,c,c,c,c,a,a,a,a,c,c,c,c,c,c,c,c,c,c,c,c,c,c,c,c,i,i,i,n,n,n,t,t,t,x,x,x,x,x,y,y,y,y,y,v,v,v,q,q,q,q,m,m,m,d,d,d,c,c,c
SbccccccccccccccccccccccccccccaaaaaaaaccaaaccaaaaaaaaacccccccccccccccccccccccccccccccccccaaaaaaacccccccccaacccccccccccccccccccccccccciiinntttxxxxEzyyyyyvvvqqqmmmdddccc,S,b,c,c,c,c,c,c,c,c,c,c,c,c,c,c,c,c,c,c,c,c,c,c,c,c,c,c,c,c,a,a,a,a,a,a,a,a,c,c,a,a,a,c,c,a,a,a,a,a,a,a,a,a,c,c,c,c,c,c,c,c,c,c,c,c,c,c,c,c,c,c,c,c,c,c,c,c,c,c,c,c,c,c,c,c,c,c,c,a,a,a,a,a,a,a,c,c,c,c,c,c,c,c,c,a,a,c,c,c,c,c,c,c,c,c,c,c,c,c,c,c,c,c,c,c,c,c,c,c,c,c,c,i,i,i,n,n,t,t,t,x,x,x,x,E,z,y,y,y,y,y,v,v,v,q,q,q,m,m,m,d,d,d,c,c,c
abcccccccccccccccccccccccccccaaaaaaaaaacccccccaaaaaacccccccccccccaaacccccaacaacccccccccccccccaaaaaaccccccaacaaacccccccccccccccccccccciiinntttxxxyyyyyyyvvvvqqqmmmdddccc,a,b,c,c,c,c,c,c,c,c,c,c,c,c,c,c,c,c,c,c,c,c,c,c,c,c,c,c,c,a,a,a,a,a,a,a,a,a,a,c,c,c,c,c,c,c,a,a,a,a,a,a,c,c,c,c,c,c,c,c,c,c,c,c,c,a,a,a,c,c,c,c,c,a,a,c,a,a,c,c,c,c,c,c,c,c,c,c,c,c,c,c,c,a,a,a,a,a,a,c,c,c,c,c,c,a,a,c,a,a,a,c,c,c,c,c,c,c,c,c,c,c,c,c,c,c,c,c,c,c,c,c,c,i,i,i,n,n,t,t,t,x,x,x,y,y,y,y,y,y,y,v,v,v,v,q,q,q,m,m,m,d,d,d,c,c,c
abcccccccccccccccccccccccccccaaaaaaaaaaccccccaaaaaaaaccccccccccccaaaccccccaaaacccccccccccccccaaaaaaccccccaaaaacccccccccccccccccccccciiinnnttxxyyyyyyyvvvvvqqqqmmmdddccc,a,b,c,c,c,c,c,c,c,c,c,c,c,c,c,c,c,c,c,c,c,c,c,c,c,c,c,c,c,a,a,a,a,a,a,a,a,a,a,c,c,c,c,c,c,a,a,a,a,a,a,a,a,c,c,c,c,c,c,c,c,c,c,c,c,a,a,a,c,c,c,c,c,c,a,a,a,a,c,c,c,c,c,c,c,c,c,c,c,c,c,c,c,a,a,a,a,a,a,c,c,c,c,c,c,a,a,a,a,a,c,c,c,c,c,c,c,c,c,c,c,c,c,c,c,c,c,c,c,c,c,c,i,i,i,n,n,n,t,t,x,x,y,y,y,y,y,y,y,v,v,v,v,v,q,q,q,q,m,m,m,d,d,d,c,c,c
abcccccccccccccccccccccccccccacacaaacccccccccaaaaaaacccccccccccaaaaaaaacccaaaaacccccccccccccccaaaaaaaacaaaaaaccccccccccccccccccccccciiinntttxxwyyyyywwvvrrrqqmmmdddcccc,a,b,c,c,c,c,c,c,c,c,c,c,c,c,c,c,c,c,c,c,c,c,c,c,c,c,c,c,c,a,c,a,c,a,a,a,c,c,c,c,c,c,c,c,c,a,a,a,a,a,a,a,c,c,c,c,c,c,c,c,c,c,c,a,a,a,a,a,a,a,a,c,c,c,a,a,a,a,a,c,c,c,c,c,c,c,c,c,c,c,c,c,c,c,a,a,a,a,a,a,a,a,c,a,a,a,a,a,a,c,c,c,c,c,c,c,c,c,c,c,c,c,c,c,c,c,c,c,c,c,c,c,i,i,i,n,n,t,t,t,x,x,w,y,y,y,y,y,w,w,v,v,r,r,r,q,q,m,m,m,d,d,d,c,c,c,c
abaccccccccccccccccccccccccccccccaaacccccccccaaacaaaaacccccccccaaaaaaaaccaaaaaacccccccccccccccaaaaaaaacaaaaaaacccccccccccccccccccccchhnnnttwwwwwwwyyywvrrrrnnnnmdddcccc,a,b,a,c,c,c,c,c,c,c,c,c,c,c,c,c,c,c,c,c,c,c,c,c,c,c,c,c,c,c,c,c,c,a,a,a,c,c,c,c,c,c,c,c,c,a,a,a,c,a,a,a,a,a,c,c,c,c,c,c,c,c,c,a,a,a,a,a,a,a,a,c,c,a,a,a,a,a,a,c,c,c,c,c,c,c,c,c,c,c,c,c,c,c,a,a,a,a,a,a,a,a,c,a,a,a,a,a,a,a,c,c,c,c,c,c,c,c,c,c,c,c,c,c,c,c,c,c,c,c,c,c,h,h,n,n,n,t,t,w,w,w,w,w,w,w,y,y,y,w,v,r,r,r,r,n,n,n,n,m,d,d,d,c,c,c,c
abaccccccccccccccccccccccccccccccaaccccccccccccccaaaaaacccccccccaaaaaccccaaaacaccccccccccccccccaaaaacccccaaaaaaccccccaaaccccccaaaccchhnmmttswwwwwwywwwrrrrnnnnneeeccccc,a,b,a,c,c,c,c,c,c,c,c,c,c,c,c,c,c,c,c,c,c,c,c,c,c,c,c,c,c,c,c,c,c,a,a,c,c,c,c,c,c,c,c,c,c,c,c,c,c,a,a,a,a,a,a,c,c,c,c,c,c,c,c,c,a,a,a,a,a,c,c,c,c,a,a,a,a,c,a,c,c,c,c,c,c,c,c,c,c,c,c,c,c,c,c,a,a,a,a,a,c,c,c,c,c,a,a,a,a,a,a,c,c,c,c,c,c,a,a,a,c,c,c,c,c,c,a,a,a,c,c,c,h,h,n,m,m,t,t,s,w,w,w,w,w,w,y,w,w,w,r,r,r,r,n,n,n,n,n,e,e,e,c,c,c,c,c
abaccccccccccccccccccccccccccccccccccccccccccccccaaaaaacccccaaccaaaaaacccccaaccccccccccccccccccaaaaaaccccaaccaaccccaaaaaacccccaaacahhhmmmsssssssswwwwwrrrnnnneeeecccccc,a,b,a,c,c,c,c,c,c,c,c,c,c,c,c,c,c,c,c,c,c,c,c,c,c,c,c,c,c,c,c,c,c,c,c,c,c,c,c,c,c,c,c,c,c,c,c,c,c,a,a,a,a,a,a,c,c,c,c,c,a,a,c,c,a,a,a,a,a,a,c,c,c,c,c,a,a,c,c,c,c,c,c,c,c,c,c,c,c,c,c,c,c,c,c,a,a,a,a,a,a,c,c,c,c,a,a,c,c,a,a,c,c,c,c,a,a,a,a,a,a,c,c,c,c,c,a,a,a,c,a,h,h,h,m,m,m,s,s,s,s,s,s,s,s,w,w,w,w,w,r,r,r,n,n,n,n,e,e,e,e,c,c,c,c,c,c
abaaaccccccccccccccccccccccccccccaaaccccccccccccccaaaaaccccaaaccaaaaaacccccccccccccccccccccccccaaaaaaccccaaccccccccaaaaaacccaaaaaaahhhmmmmsssssssswwwwrrnnnneeeeacccccc,a,b,a,a,a,c,c,c,c,c,c,c,c,c,c,c,c,c,c,c,c,c,c,c,c,c,c,c,c,c,c,c,c,a,a,a,c,c,c,c,c,c,c,c,c,c,c,c,c,c,a,a,a,a,a,c,c,c,c,a,a,a,c,c,a,a,a,a,a,a,c,c,c,c,c,c,c,c,c,c,c,c,c,c,c,c,c,c,c,c,c,c,c,c,c,a,a,a,a,a,a,c,c,c,c,a,a,c,c,c,c,c,c,c,c,a,a,a,a,a,a,c,c,c,a,a,a,a,a,a,a,h,h,h,m,m,m,m,s,s,s,s,s,s,s,s,w,w,w,w,r,r,n,n,n,n,e,e,e,e,a,c,c,c,c,c,c
abaaaccccccccccccccccccccccccccccaaaaaaccccccccccaaaaacaaaaaaaccaaaccaccccccccaaaaaccccccccccccaaaacacccccccccccccccaaaaacccaaaaaaahhhhmmmmssssssswwwwrrnnneeeeaacccccc,a,b,a,a,a,c,c,c,c,c,c,c,c,c,c,c,c,c,c,c,c,c,c,c,c,c,c,c,c,c,c,c,c,a,a,a,a,a,a,c,c,c,c,c,c,c,c,c,c,a,a,a,a,a,c,a,a,a,a,a,a,a,c,c,a,a,a,c,c,a,c,c,c,c,c,c,c,c,a,a,a,a,a,c,c,c,c,c,c,c,c,c,c,c,c,a,a,a,a,c,a,c,c,c,c,c,c,c,c,c,c,c,c,c,c,c,a,a,a,a,a,c,c,c,a,a,a,a,a,a,a,h,h,h,h,m,m,m,m,s,s,s,s,s,s,s,w,w,w,w,r,r,n,n,n,e,e,e,e,a,a,c,c,c,c,c,c
abaaacccccccccccccccccccccccccccaaaaaaaccccccccccaaaaacaaaaaaaaaacccaaaaacccccaaaaacccccccccacaaaaaccacccccccccccccaaaaacccccaaaaaachhhmmmmmmmmmsssrrrrrnnneeeaaaaacccc,a,b,a,a,a,c,c,c,c,c,c,c,c,c,c,c,c,c,c,c,c,c,c,c,c,c,c,c,c,c,c,c,a,a,a,a,a,a,a,c,c,c,c,c,c,c,c,c,c,a,a,a,a,a,c,a,a,a,a,a,a,a,a,a,a,c,c,c,a,a,a,a,a,c,c,c,c,c,a,a,a,a,a,c,c,c,c,c,c,c,c,c,a,c,a,a,a,a,a,c,c,a,c,c,c,c,c,c,c,c,c,c,c,c,c,a,a,a,a,a,c,c,c,c,c,a,a,a,a,a,a,c,h,h,h,m,m,m,m,m,m,m,m,m,s,s,s,r,r,r,r,r,n,n,n,e,e,e,a,a,a,a,a,c,c,c,c
abaccccccccccccccaaaaccccccccccaaaaaaaacccccccccccccccccaaaaaaaaacccaaaaaccccaaaaaacccccccccaaaaaaaaaacccccccccccccaaaaaccccccaaaaachhhhmmmmmmmooossrrronneeeaaaaaacccc,a,b,a,c,c,c,c,c,c,c,c,c,c,c,c,c,c,a,a,a,a,c,c,c,c,c,c,c,c,c,c,a,a,a,a,a,a,a,a,c,c,c,c,c,c,c,c,c,c,c,c,c,c,c,c,c,a,a,a,a,a,a,a,a,a,c,c,c,a,a,a,a,a,c,c,c,c,a,a,a,a,a,a,c,c,c,c,c,c,c,c,c,a,a,a,a,a,a,a,a,a,a,c,c,c,c,c,c,c,c,c,c,c,c,c,a,a,a,a,a,c,c,c,c,c,c,a,a,a,a,a,c,h,h,h,h,m,m,m,m,m,m,m,o,o,o,s,s,r,r,r,o,n,n,e,e,e,a,a,a,a,a,a,c,c,c,c
abaccccccccccccccaaaaccccccccccaaaaaaacccccccccccccccccccaaaaaaaccccaaaaaacccaaaaaaccccaaaccaaaaaaaaaacccccccccccaaccccccccccaaaaaacchhhhhggggooooorrroonnfeeaaaaaccccc,a,b,a,c,c,c,c,c,c,c,c,c,c,c,c,c,c,a,a,a,a,c,c,c,c,c,c,c,c,c,c,a,a,a,a,a,a,a,c,c,c,c,c,c,c,c,c,c,c,c,c,c,c,c,c,c,c,a,a,a,a,a,a,a,c,c,c,c,a,a,a,a,a,a,c,c,c,a,a,a,a,a,a,c,c,c,c,a,a,a,c,c,a,a,a,a,a,a,a,a,a,a,c,c,c,c,c,c,c,c,c,c,c,a,a,c,c,c,c,c,c,c,c,c,c,a,a,a,a,a,a,c,c,h,h,h,h,h,g,g,g,g,o,o,o,o,o,r,r,r,o,o,n,n,f,e,e,a,a,a,a,a,c,c,c,c,c
abcccccccccccccccaaaaccccccccccccaaaaaacccccccccccccccccaaaaaaccccccaaaaaacccaaaaaaccccaaaaaacaaaaaacccccccccaaccaacccccccccccaacccccchhhhggggggoooooooooffeaaaaacccccc,a,b,c,c,c,c,c,c,c,c,c,c,c,c,c,c,c,a,a,a,a,c,c,c,c,c,c,c,c,c,c,c,c,a,a,a,a,a,a,c,c,c,c,c,c,c,c,c,c,c,c,c,c,c,c,c,a,a,a,a,a,a,c,c,c,c,c,c,a,a,a,a,a,a,c,c,c,a,a,a,a,a,a,c,c,c,c,a,a,a,a,a,a,c,a,a,a,a,a,a,c,c,c,c,c,c,c,c,c,a,a,c,c,a,a,c,c,c,c,c,c,c,c,c,c,c,a,a,c,c,c,c,c,c,h,h,h,h,g,g,g,g,g,g,o,o,o,o,o,o,o,o,o,f,f,e,a,a,a,a,a,c,c,c,c,c,c
abccccccccccccccccaacccccccccccccaaaaaacccccccaaccacccccaaaaaaacccccaaaaaaccccaaaccccccaaaaaacaaaaaacccccccccaaaaacccccccccccccccccccccccgggggggggooooooffffaaaaaaccccc,a,b,c,c,c,c,c,c,c,c,c,c,c,c,c,c,c,c,a,a,c,c,c,c,c,c,c,c,c,c,c,c,c,a,a,a,a,a,a,c,c,c,c,c,c,c,a,a,c,c,a,c,c,c,c,c,a,a,a,a,a,a,a,c,c,c,c,c,a,a,a,a,a,a,c,c,c,c,a,a,a,c,c,c,c,c,c,a,a,a,a,a,a,c,a,a,a,a,a,a,c,c,c,c,c,c,c,c,c,a,a,a,a,a,c,c,c,c,c,c,c,c,c,c,c,c,c,c,c,c,c,c,c,c,c,c,c,g,g,g,g,g,g,g,g,g,o,o,o,o,o,o,f,f,f,f,a,a,a,a,a,a,c,c,c,c,c
abccccccccccccccccccccccccccaaaccaacccccccccccaaaaacccccaaccaaacccccccaaacccccccccccccaaaaaaacaaaaaacccccccccaaaaaaaaccccccccccccccccccccccaaaggggfooooffffccccaacccccc,a,b,c,c,c,c,c,c,c,c,c,c,c,c,c,c,c,c,c,c,c,c,c,c,c,c,c,c,a,a,a,c,c,a,a,c,c,c,c,c,c,c,c,c,c,c,a,a,a,a,a,c,c,c,c,c,a,a,c,c,a,a,a,c,c,c,c,c,c,c,a,a,a,c,c,c,c,c,c,c,c,c,c,c,c,c,a,a,a,a,a,a,a,c,a,a,a,a,a,a,c,c,c,c,c,c,c,c,c,a,a,a,a,a,a,a,a,c,c,c,c,c,c,c,c,c,c,c,c,c,c,c,c,c,c,c,c,c,c,a,a,a,g,g,g,g,f,o,o,o,o,f,f,f,f,c,c,c,c,a,a,c,c,c,c,c,c
abaaccccccccccccccccccccccccaaacaccccccccccccaaaaacccccccccccaacccccccaaaacccaacccccccaaaaaaaaaaaaaaaccccccccccaaaaacccccccccccccaaaccccccccccccggfffffffffcccccccccccc,a,b,a,a,c,c,c,c,c,c,c,c,c,c,c,c,c,c,c,c,c,c,c,c,c,c,c,c,a,a,a,c,a,c,c,c,c,c,c,c,c,c,c,c,c,a,a,a,a,a,c,c,c,c,c,c,c,c,c,c,c,a,a,c,c,c,c,c,c,c,a,a,a,a,c,c,c,a,a,c,c,c,c,c,c,c,a,a,a,a,a,a,a,a,a,a,a,a,a,a,a,c,c,c,c,c,c,c,c,c,c,a,a,a,a,a,c,c,c,c,c,c,c,c,c,c,c,c,c,a,a,a,c,c,c,c,c,c,c,c,c,c,c,c,g,g,f,f,f,f,f,f,f,f,f,c,c,c,c,c,c,c,c,c,c,c,c
abaaccccccccccccccccccccccaacaaaaacccccccccccaaaaaacccccccccccccccccccaaaacaaaacccccccaaaaaaaaaccccaccccccccccaaaaaccccccccccccccaaaccccccccccccagfffffffccccccccccccca,a,b,a,a,c,c,c,c,c,c,c,c,c,c,c,c,c,c,c,c,c,c,c,c,c,c,a,a,c,a,a,a,a,a,c,c,c,c,c,c,c,c,c,c,c,a,a,a,a,a,a,c,c,c,c,c,c,c,c,c,c,c,c,c,c,c,c,c,c,c,a,a,a,a,c,a,a,a,a,c,c,c,c,c,c,c,a,a,a,a,a,a,a,a,a,c,c,c,c,a,c,c,c,c,c,c,c,c,c,c,a,a,a,a,a,c,c,c,c,c,c,c,c,c,c,c,c,c,c,a,a,a,c,c,c,c,c,c,c,c,c,c,c,c,a,g,f,f,f,f,f,f,f,c,c,c,c,c,c,c,c,c,c,c,c,c,a
abaacccccccaacccccccccccccaaaaaaaaccccccaacccccaaaacccccccccccccccccccaaaaaaaaacccccccccaaacaacaaacccccccccccaaacaaccccaaccaaccaaaaaaaaccccccccaaaccffffcccccccccccccaa,a,b,a,a,c,c,c,c,c,c,c,a,a,c,c,c,c,c,c,c,c,c,c,c,c,c,a,a,a,a,a,a,a,a,c,c,c,c,c,c,a,a,c,c,c,c,c,a,a,a,a,c,c,c,c,c,c,c,c,c,c,c,c,c,c,c,c,c,c,c,a,a,a,a,a,a,a,a,a,c,c,c,c,c,c,c,c,c,a,a,a,c,a,a,c,a,a,a,c,c,c,c,c,c,c,c,c,c,c,a,a,a,c,a,a,c,c,c,c,a,a,c,c,a,a,c,c,a,a,a,a,a,a,a,a,c,c,c,c,c,c,c,c,a,a,a,c,c,f,f,f,f,c,c,c,c,c,c,c,c,c,c,c,c,c,a,a
abaaaaaaaccaaccccccccccccccaaaaacccccccaaaacccaaccccccccccccccccccacaaaaaaaaaaccccccccccaaacaaaaaacccccccccccccccaaccccaaaaaaccaaaaaaaacccccccccaacccccccccccccccaaacaa,a,b,a,a,a,a,a,a,a,c,c,a,a,c,c,c,c,c,c,c,c,c,c,c,c,c,c,a,a,a,a,a,c,c,c,c,c,c,c,a,a,a,a,c,c,c,a,a,c,c,c,c,c,c,c,c,c,c,c,c,c,c,c,c,c,c,a,c,a,a,a,a,a,a,a,a,a,a,c,c,c,c,c,c,c,c,c,c,a,a,a,c,a,a,a,a,a,a,c,c,c,c,c,c,c,c,c,c,c,c,c,c,c,a,a,c,c,c,c,a,a,a,a,a,a,c,c,a,a,a,a,a,a,a,a,c,c,c,c,c,c,c,c,c,a,a,c,c,c,c,c,c,c,c,c,c,c,c,c,c,c,a,a,a,c,a,a
abaaaaaaaaaaccccccccccccccccaaaaaccccccaaaacccccccccccccccccccccccaaaaaaaaaaaaccccccccccccccaaaaaacccccccccccccccccccccaaaaaacccaaaaaacccccccccaaacccccccccccccccaaaaaa,a,b,a,a,a,a,a,a,a,a,a,a,c,c,c,c,c,c,c,c,c,c,c,c,c,c,c,c,a,a,a,a,a,c,c,c,c,c,c,a,a,a,a,c,c,c,c,c,c,c,c,c,c,c,c,c,c,c,c,c,c,c,c,c,c,c,a,a,a,a,a,a,a,a,a,a,a,a,c,c,c,c,c,c,c,c,c,c,c,c,c,c,a,a,a,a,a,a,c,c,c,c,c,c,c,c,c,c,c,c,c,c,c,c,c,c,c,c,c,a,a,a,a,a,a,c,c,c,a,a,a,a,a,a,c,c,c,c,c,c,c,c,c,a,a,a,c,c,c,c,c,c,c,c,c,c,c,c,c,c,c,a,a,a,a,a,a
abaaaacaaaaaaaacccccccccccccaacaaccccccaaaaccccccccccccccccccccccccaaaaaaaaaaacccccccccccccaaaaaaaacccccccccccccccccccaaaaaaaaccaaaaaaccccccccccccccccccccccccccccaaaaa,a,b,a,a,a,a,c,a,a,a,a,a,a,a,a,c,c,c,c,c,c,c,c,c,c,c,c,c,a,a,c,a,a,c,c,c,c,c,c,a,a,a,a,c,c,c,c,c,c,c,c,c,c,c,c,c,c,c,c,c,c,c,c,c,c,c,c,a,a,a,a,a,a,a,a,a,a,a,c,c,c,c,c,c,c,c,c,c,c,c,c,a,a,a,a,a,a,a,a,c,c,c,c,c,c,c,c,c,c,c,c,c,c,c,c,c,c,c,a,a,a,a,a,a,a,a,c,c,a,a,a,a,a,a,c,c,c,c,c,c,c,c,c,c,c,c,c,c,c,c,c,c,c,c,c,c,c,c,c,c,c,c,a,a,a,a,a
